Vertexes ;      Gr;    GrSD;    GrSA;     One;   GrSTA;   GrSTD;     BBC;      Br;
       1 ; 0,000000; 0,000000; 0,000000; 2,000000; 0,000000; 0,000000; 0,000000; 0,000000;
       2 ; 0,000000; 0,000000; 0,000000; 1,000000; 0,000000; 0,000000; 0,000000; 0,000000;
       3 ; 0,000000; 0,000000; 0,000000; 0,888889; 0,000000; 0,000000; 0,000000; 0,000000;
       4 ; 0,375000; 0,375000; 0,375000; 0,875000; 0,375000; 0,375000; 0,375000; 0,375000;
       5 ; 0,320000; 0,400000; 0,320000; 0,880000; 0,320000; 0,320000; 0,400000; 0,320000;
       6 ; 0,388889; 0,277778; 0,277778; 0,833333; 0,277778; 0,277778; 0,277778; 0,277778;
       7 ; 0,285714; 0,408163; 0,448980; 0,857143; 0,408163; 0,285714; 0,408163; 0,285714;
       8 ; 0,375000; 0,375000; 0,375000; 0,875000; 0,375000; 0,375000; 0,375000; 0,375000;
       9 ; 0,320988; 0,320988; 0,370370; 0,888889; 0,395062; 0,370370; 0,320988; 0,320988;
      10 ; 0,400000; 0,480000; 0,400000; 0,840000; 0,400000; 0,400000; 0,480000; 0,360000;
      11 ; 0,413223; 0,363636; 0,380165; 0,859504; 0,462810; 0,396694; 0,462810; 0,363636;
      12 ; 0,444444; 0,416667; 0,416667; 0,833333; 0,416667; 0,361111; 0,388889; 0,361111;
      13 ; 0,426036; 0,390533; 0,426036; 0,828402; 0,426036; 0,402367; 0,449704; 0,378698;
      14 ; 0,397959; 0,418367; 0,397959; 0,785714; 0,418367; 0,397959; 0,459184; 0,357143;
      15 ; 0,453333; 0,391111; 0,444444; 0,800000; 0,426667; 0,373333; 0,400000; 0,346667;
      16 ; 0,398438; 0,398438; 0,414063; 0,820313; 0,414063; 0,398438; 0,445313; 0,382813;
      17 ; 0,422145; 0,373702; 0,415225; 0,816609; 0,415225; 0,387543; 0,442907; 0,366782;
      18 ; 0,419753; 0,407407; 0,432099; 0,802469; 0,407407; 0,407407; 0,382716; 0,382716;
      19 ; 0,437673; 0,426593; 0,415512; 0,808864; 0,443213; 0,437673; 0,454294; 0,393352;
      20 ; 0,405000; 0,405000; 0,415000; 0,805000; 0,415000; 0,415000; 0,445000;
      21 ; 0,421769; 0,412698; 0,426304; 0,802721; 0,403628; 0,421769; 0,439909;
      22 ; 0,429752; 0,438017; 0,438017; 0,793388; 0,429752; 0,429752; 0,446281;
      23 ; 0,423440; 0,404537; 0,427221; 0,805293; 0,415879; 0,400756; 0,465028;
      24 ; 0,423611; 0,430556; 0,423611; 0,784722; 0,430556; 0,430556; 0,451389;
      25 ; 0,451200; 0,422400; 0,435200; 0,777600; 0,412800; 0,416000; 0,438400;
      26 ; 0,405325; 0,405325; 0,417160; 0,772189; 0,423077; 0,411243; 0,452663;
      27 ; 0,427984; 0,449931; 0,430727; 0,759945; 0,438957; 0,441701; 0,488340;
      28 ; 0,428571; 0,443878; 0,433673; 0,755102; 0,413265; 0,438776; 0,474490;
      29 ; 0,411415; 0,416171; 0,437574; 0,756243; 0,442331; 0,423306; 0,461356;
      30 ; 0,433333; 0,437778; 0,428889; 0,748889; 0,437778; 0,424444; 0,477778;
      31 ; 0,416233; 0,414152; 0,434964; 0,745057; 0,405827; 0,416233; 0,470343;
      32 ; 0,419922; 0,435547; 0,419922; 0,751953; 0,427734; 0,435547; 0,470703;
      33 ; 0,435262; 0,424242; 0,420569; 0,754821; 0,427916; 0,427916; 0,475666;
      34 ; 0,437716; 0,434256; 0,441176; 0,752595; 0,427336; 0,448097; 0,475779;
      35 ; 0,439184; 0,426122; 0,437551; 0,749388; 0,442449; 0,416327; 0,470204;
      36 ; 0,419753; 0,429012; 0,438272; 0,746914; 0,429012; 0,422840; 0,487654;
      37 ; 0,428050; 0,407597; 0,414901; 0,742148; 0,429511; 0,435354; 0,470416;
      38 ; 0,416898; 0,436288; 0,450139; 0,740997; 0,411357; 0,416898; 0,469529;
      39 ; 0,433925; 0,420776; 0,436555; 0,737673; 0,424721; 0,426036; 0,466798;
      40 ; 0,428750; 0,418750; 0,433750; 0,736250; 0,426250; 0,421250; 0,458750;
      41 ; 0,439024; 0,425937; 0,434265; 0,730518; 0,430696; 0,433076; 0,456871;
      42 ; 0,441043; 0,434240; 0,443311; 0,735828; 0,441043; 0,434240; 0,472789;
      43 ; 0,435911; 0,441320; 0,443483; 0,729043; 0,447810; 0,427258; 0,485668;
      44 ; 0,418388; 0,432851; 0,443182; 0,724174; 0,420455; 0,432851; 0,459711;
      45 ; 0,443457; 0,435556; 0,440494; 0,724938; 0,443457; 0,436543; 0,484938;
      46 ; 0,429112; 0,434783; 0,461248; 0,722117; 0,442344; 0,434783; 0,466919;
      47 ; 0,445450; 0,446356; 0,438207; 0,716161; 0,440923; 0,434586; 0,460842;
      48 ; 0,448785; 0,443576; 0,448785; 0,714410; 0,450521; 0,452257; 0,492188;
      49 ; 0,435652; 0,443149; 0,438984; 0,708038; 0,438984; 0,450646; 0,470637;
      50 ; 0,428000; 0,447200; 0,439200; 0,704800; 0,452000; 0,428000; 0,472800;
      51 ; 0,445213; 0,435217; 0,423683; 0,701269; 0,439062; 0,419070; 0,465206;
      52 ; 0,458580; 0,446746; 0,442308; 0,699704; 0,437870; 0,430473; 0,480769;
      53 ; 0,445710; 0,441438; 0,430046; 0,700605; 0,452830; 0,442862; 0,477038;
      54 ; 0,443759; 0,430041; 0,441015; 0,704390; 0,439643; 0,432785; 0,465706;
      55 ; 0,437686; 0,441653; 0,446942; 0,704793; 0,440992; 0,440331; 0,483967;
      56 ; 0,438776; 0,442602; 0,446429; 0,701531; 0,447704; 0,436224; 0,483418;
      57 ; 0,454294; 0,447522; 0,449985; 0,702370; 0,444444; 0,444444; 0,483841;
      58 ; 0,449465; 0,443520; 0,445898; 0,701546; 0,443520; 0,437574; 0,474435;
      59 ; 0,447573; 0,424016; 0,438954; 0,703821; 0,441253; 0,435507; 0,474002;
      60 ; 0,448333; 0,445000; 0,443889; 0,701667; 0,438333; 0,438333; 0,485000;
      61 ; 0,452567; 0,442892; 0,459016; 0,702499; 0,445579; 0,448267; 0,481591;
      62 ; 0,455255; 0,444849; 0,454214; 0,698751; 0,447971; 0,434443; 0,473985;
      63 ; 0,456034; 0,435374; 0,446964; 0,697909; 0,440413; 0,442429; 0,478206;
      64 ; 0,442383; 0,444336; 0,435547; 0,694336; 0,447266; 0,443359; 0,489258;
      65 ; 0,446391; 0,438817; 0,438343; 0,695385; 0,436923; 0,443550; 0,485680;
      66 ; 0,445822; 0,450413; 0,445822; 0,694674; 0,443067; 0,442149; 0,472452;
      67 ; 0,454444; 0,440187; 0,441078; 0,694141; 0,444197; 0,435732; 0,479840;
      68 ; 0,442042; 0,444637; 0,435121; 0,696367; 0,448962; 0,446367; 0,473183;
      69 ; 0,454526; 0,431422; 0,448645; 0,698593; 0,447805; 0,439403; 0,475110;
      70 ; 0,448980; 0,451429; 0,451429; 0,697143; 0,447347; 0,451429; 0,475918;
      71 ; 0,441182; 0,445547; 0,459433; 0,696290; 0,446340; 0,438405; 0,487205;
      72 ; 0,440586; 0,442130; 0,444444; 0,698302; 0,454475; 0,431327; 0,488426;
      73 ; 0,442860; 0,453368; 0,448865; 0,697317; 0,455995; 0,441734; 0,481516;
      74 ; 0,441198; 0,439007; 0,462381; 0,695398; 0,449233; 0,445581; 0,485756;
      75 ; 0,452622; 0,446578; 0,445511; 0,695467; 0,451911; 0,438044; 0,488533;
      76 ; 0,448753; 0,444598; 0,453601; 0,692521; 0,454294; 0,457756; 0,479917;
      77 ; 0,455726; 0,441221; 0,449317; 0,689830; 0,454714; 0,439197; 0,488447;
      78 ; 0,442801; 0,454635; 0,436226; 0,690007; 0,443458; 0,454635; 0,490796;
      79 ; 0,449287; 0,449287; 0,444480; 0,689633; 0,454735; 0,448326; 0,486461;
      80 ; 0,457813; 0,453438; 0,445938; 0,689688; 0,455938; 0,456563; 0,477188;
      81 ; 0,449322; 0,445664; 0,455723; 0,690139; 0,452675; 0,449627; 0,474013;
      82 ; 0,444973; 0,452707; 0,456276; 0,691255; 0,454491; 0,448543; 0,483641;
      83 ; 0,455218; 0,444186; 0,444477; 0,690957; 0,449993; 0,447380; 0,488605;
      84 ; 0,451531; 0,453231; 0,460034; 0,690760; 0,457766; 0,444161; 0,490646;
      85 ; 0,453426; 0,446505; 0,445952; 0,690657; 0,448443; 0,450381; 0,483599;
      86 ; 0,452407; 0,455111; 0,454029; 0,691996; 0,452407; 0,464305; 0,485938;
      87 ; 0,453164; 0,448408; 0,455014; 0,691241; 0,451579; 0,457392; 0,489100;
      88 ; 0,451963; 0,447314; 0,451963; 0,693182; 0,449380; 0,457645; 0,480888;
      89 ; 0,448428; 0,453731; 0,454488; 0,695367; 0,464083; 0,443631; 0,493877;
      90 ; 0,449136; 0,449136; 0,459506; 0,695556; 0,456049; 0,443704; 0,485185;
      91 ; 0,446564; 0,451878; 0,456950; 0,695568; 0,456708; 0,453085; 0,482067;
      92 ; 0,444707; 0,445652; 0,460302; 0,695180; 0,462193; 0,450851; 0,488185;
      93 ; 0,448607; 0,448838; 0,451613; 0,694878; 0,458781; 0,449994; 0,491618;
      94 ; 0,455410; 0,450883; 0,447714; 0,694432; 0,452241; 0,455410; 0,493436;
      95 ; 0,455623; 0,446759; 0,457839; 0,693629; 0,454737; 0,450970; 0,488421;
      96 ; 0,457031; 0,461372; 0,456163; 0,692708; 0,445313; 0,458767; 0,489149;
      97 ; 0,453821; 0,451483; 0,449995; 0,692528; 0,455309; 0,453396; 0,488043;
      98 ; 0,452936; 0,451687; 0,454186; 0,692836; 0,448355; 0,447522; 0,487922;
      99 ; 0,455872; 0,458525; 0,453219; 0,691766; 0,453015; 0,454035; 0,494235;
     100 ; 0,458400; 0,453600; 0,458400; 0,689600; 0,458800; 0,451600; 0,487600;
     101 ; 0,453681; 0,460543; 0,454073; 0,688560; 0,457014; 0,458582; 0,485835;
     102 ; 0,464437; 0,460592; 0,462514; 0,687812; 0,454441; 0,459054; 0,497885;
     103 ; 0,451315; 0,451315; 0,452823; 0,688472; 0,456405; 0,451692; 0,491847;
     104 ; 0,456546; 0,458765; 0,459135; 0,687685; 0,456916; 0,450999; 0,490939;
     105 ; 0,454603; 0,460045; 0,456599; 0,688617; 0,456961; 0,455873; 0,494331;
     106 ; 0,462798; 0,453186; 0,456390; 0,688145; 0,455322; 0,451406; 0,493414;
     107 ; 0,452092; 0,457507; 0,451743; 0,688095; 0,449821; 0,459079; 0,484933;
     108 ; 0,460048; 0,454561; 0,465535; 0,687414; 0,458333; 0,459705; 0,489198;
     109 ; 0,457874; 0,455854; 0,455349; 0,687821; 0,454171; 0,457369; 0,496760;
     110 ; 0,455868; 0,456860; 0,457851; 0,687603; 0,459174; 0,459174; 0,491901;
     111 ; 0,454671; 0,462138; 0,454833; 0,686633; 0,456132; 0,455320; 0,492655;
     112 ; 0,457749; 0,453603; 0,463489; 0,687341; 0,457111; 0,459024; 0,491231;
     113 ; 0,457514; 0,460647; 0,454068; 0,688073; 0,459081; 0,454538; 0,490876;
     114 ; 0,452601; 0,452293; 0,463373; 0,688058; 0,458449; 0,453524; 0,494460;
     115 ; 0,457316; 0,454745; 0,459282; 0,686578; 0,458223; 0,451720; 0,492703;
     116 ; 0,456451; 0,455559; 0,460315; 0,685642; 0,457640; 0,454667; 0,490933;
     117 ; 0,453649; 0,453795; 0,460954; 0,685368; 0,456863; 0,460516; 0,490613;
     118 ; 0,457627; 0,458776; 0,457053; 0,684861; 0,459063; 0,454754; 0,496122;
     119 ; 0,463385; 0,459431; 0,460561; 0,683850; 0,458583; 0,462679; 0,491349;
     120 ; 0,459444; 0,457778; 0,460278; 0,683333; 0,459167; 0,455278; 0,487222;
     121 ; 0,458575; 0,458712; 0,461034; 0,683970; 0,461034; 0,457209; 0,497370;
     122 ; 0,459151; 0,455657; 0,458882; 0,684359; 0,462644; 0,457538; 0,491131;
     123 ; 0,455681; 0,459779; 0,458061; 0,684778; 0,457532; 0,464935; 0,481195;
     124 ; 0,458377; 0,459677; 0,455515; 0,684443; 0,461498; 0,458117; 0,493496;
     125 ; 0,452736; 0,458112; 0,468608; 0,684928; 0,460544; 0,463104; 0,489472;
     126 ; 0,465105; 0,456538; 0,456286; 0,684051; 0,463089; 0,458302; 0,494583;
     127 ; 0,464009; 0,459297; 0,461033; 0,683117; 0,454461; 0,462521; 0,494389;
     128 ; 0,456787; 0,451660; 0,461914; 0,684082; 0,456055; 0,453125; 0,495361;
     129 ; 0,459948; 0,456583; 0,463794; 0,685055; 0,456824; 0,457545; 0,497807;
     130 ; 0,459053; 0,453846; 0,459527; 0,684379; 0,461183; 0,453136; 0,494793;
     131 ; 0,456966; 0,458715; 0,462794; 0,684925; 0,460696; 0,462211; 0,497057;
     132 ; 0,458678; 0,460285; 0,459137; 0,684343; 0,461662; 0,458907; 0,490588;
     133 ; 0,464243; 0,457799; 0,461869; 0,684493; 0,455650; 0,459834; 0,493075;
     134 ; 0,463578; 0,458231; 0,459791; 0,684562; 0,456449; 0,453999; 0,489641;
     135 ; 0,455528; 0,458272; 0,460247; 0,683018; 0,460466; 0,458820; 0,497449;
     136 ; 0,457504; 0,456639; 0,453179; 0,683715; 0,463127; 0,456856; 0,492539;
     137 ; 0,459055; 0,458522; 0,461186; 0,683894; 0,458629; 0,459055; 0,488891;
     138 ; 0,460092; 0,461353; 0,455472; 0,683155; 0,463033; 0,458832; 0,496849;
     139 ; 0,459707; 0,461674; 0,460328; 0,683919; 0,459707; 0,457119; 0,496972;
     140 ; 0,462857; 0,463469; 0,462449; 0,683469; 0,456327; 0,455918; 0,495918;
     141 ; 0,462955; 0,462653; 0,462653; 0,682561; 0,464162; 0,464866; 0,497359;
     142 ; 0,458540; 0,458937; 0,464293; 0,683099; 0,462706; 0,461714; 0,495437;
     143 ; 0,462223; 0,458898; 0,457626; 0,683456; 0,464179; 0,462614; 0,495868;
     144 ; 0,458044; 0,464217; 0,459780; 0,683353; 0,464603; 0,469232; 0,497975;
     145 ; 0,458026; 0,459358; 0,460690; 0,683282; 0,460785; 0,461165; 0,495696;
     146 ; 0,461531; 0,455902; 0,461531; 0,683149; 0,460781; 0,459467; 0,496998;
     147 ; 0,461382; 0,463048; 0,452126; 0,682216; 0,463048; 0,456106; 0,495071;
     148 ; 0,463842; 0,462199; 0,465668; 0,682615; 0,465303; 0,456720; 0,493426;
     149 ; 0,464754; 0,467727; 0,462231; 0,682402; 0,459979; 0,457637; 0,492951;
     150 ; 0,460267; 0,461689; 0,456889; 0,682133; 0,458844; 0,457956; 0,497778;
     151 ; 0,462260; 0,462260; 0,466997; 0,682163; 0,464102; 0,462962; 0,497873;
     152 ; 0,458795; 0,461392; 0,463470; 0,682306; 0,458968; 0,461738; 0,494287;
     153 ; 0,460250; 0,465547; 0,461703; 0,682302; 0,462728; 0,461019; 0,499466;
     154 ; 0,462726; 0,463400; 0,462388; 0,682156; 0,464244; 0,459858; 0,496964;
     155 ; 0,464017; 0,464766; 0,462601; 0,681540; 0,464932; 0,463517; 0,496899;
     156 ; 0,464250; 0,462278; 0,464086; 0,682035; 0,468195; 0,464744; 0,495973;
     157 ; 0,462007; 0,463873; 0,463143; 0,681164; 0,463224; 0,461844; 0,495923;
     158 ; 0,460824; 0,459061; 0,467714; 0,681141; 0,465631; 0,460824; 0,499119;
     159 ; 0,462323; 0,461216; 0,461928; 0,681065; 0,462798; 0,461849; 0,493018;
     160 ; 0,466563; 0,460156; 0,460000; 0,681875; 0,465000; 0,460781; 0,496094;
     161 ; 0,467420; 0,464643; 0,466494; 0,681841; 0,464720; 0,458779; 0,494734;
     162 ; 0,458848; 0,459610; 0,464335; 0,681527; 0,465402; 0,461744; 0,498019;
     163 ; 0,462569; 0,459558; 0,462946; 0,680869; 0,460160; 0,463397; 0,499003;
     164 ; 0,465794; 0,462671; 0,465348; 0,680101; 0,467728; 0,464307; 0,490184;
     165 ; 0,468687; 0,464500; 0,458770; 0,680037; 0,468613; 0,460826; 0,500863;
     166 ; 0,462331; 0,465234; 0,465960; 0,679344; 0,463928; 0,462476; 0,497315;
     167 ; 0,466779; 0,461831; 0,467281; 0,678691; 0,466277; 0,464843; 0,497831;
     168 ; 0,464498; 0,466341; 0,466482; 0,679067; 0,462089; 0,461806; 0,496670;
     169 ; 0,464900; 0,465530; 0,463989; 0,679458; 0,463989; 0,468891; 0,499212;
     170 ; 0,466367; 0,463045; 0,461107; 0,679100; 0,468997; 0,459031; 0,498478;
     171 ; 0,465100; 0,460997; 0,461749; 0,678910; 0,467084; 0,465511; 0,497247;
     172 ; 0,467347; 0,463697; 0,467753; 0,678002; 0,462480; 0,464643; 0,497769;
     173 ; 0,463898; 0,462962; 0,468576; 0,677737; 0,461759; 0,464900; 0,496442;
     174 ; 0,462016; 0,464923; 0,467169; 0,677632; 0,469150; 0,458053; 0,493592;
     175 ; 0,463673; 0,462171; 0,465437; 0,677616; 0,464196; 0,463478; 0,500702;
     176 ; 0,462616; 0,461712; 0,464682; 0,677621; 0,466103; 0,468556; 0,497095;
     177 ; 0,463596; 0,466788; 0,466852; 0,677136; 0,466852; 0,462575; 0,496026;
     178 ; 0,464777; 0,468060; 0,465282; 0,676998; 0,465535; 0,464903; 0,498106;
     179 ; 0,466652; 0,463157; 0,465653; 0,677195; 0,470959; 0,467027; 0,499735;
     180 ; 0,465679; 0,465926; 0,467037; 0,676790; 0,468765; 0,464198; 0,496049;
     181 ; 0,465431; 0,464821; 0,465065; 0,676353; 0,469583; 0,463539; 0,496810;
     182 ; 0,464739; 0,467274; 0,466429; 0,676307; 0,467637; 0,465946; 0,495773;
     183 ; 0,470781; 0,467975; 0,462182; 0,676700; 0,466302; 0,464093; 0,498671;
     184 ; 0,464556; 0,464083; 0,468100; 0,676630; 0,469400; 0,463138; 0,496928;
     185 ; 0,468663; 0,464865; 0,468079; 0,676172; 0,465391; 0,465040; 0,495194;
     186 ; 0,467684; 0,463637; 0,467106; 0,676379; 0,465140; 0,461903; 0,497052;
     187 ; 0,470474; 0,465898; 0,466813; 0,675970; 0,469216; 0,464640; 0,499700;
     188 ; 0,467180; 0,463785; 0,468198; 0,676437; 0,468538; 0,466274; 0,496378;
     189 ; 0,465161; 0,465720; 0,466168; 0,676297; 0,465720; 0,468240; 0,497243;
     190 ; 0,466704; 0,466814; 0,462715; 0,675789; 0,465042; 0,468587; 0,497618;
     191 ; 0,466106; 0,466215; 0,465064; 0,675859; 0,467750; 0,466435; 0,503111;
     192 ; 0,466743; 0,465983; 0,467936; 0,675836; 0,466092; 0,466851; 0,499186;
     193 ; 0,468093; 0,462992; 0,465516; 0,676099; 0,465355; 0,465033; 0,498268;
     194 ; 0,464236; 0,464768; 0,462855; 0,675417; 0,468062; 0,467106; 0,495270;
     195 ; 0,468376; 0,464011; 0,464221; 0,674661; 0,466325; 0,465273; 0,495043;
     196 ; 0,467045; 0,467357; 0,464338; 0,674771; 0,467982; 0,469752; 0,497970;
     197 ; 0,468551; 0,465871; 0,470664; 0,675101; 0,466438; 0,466902; 0,495194;
     198 ; 0,467809; 0,467299; 0,466789; 0,675033; 0,468932; 0,464442; 0,499949;
     199 ; 0,463675; 0,467665; 0,467917; 0,675387; 0,469534; 0,466655; 0,498169;
     200 ; 0,464850; 0,463150; 0,465850; 0,675650; 0,466750; 0,468750; 0,500850;
     201 ; 0,466672; 0,470582; 0,467414; 0,676221; 0,467315; 0,469097; 0,501720;
     202 ; 0,468729; 0,464415; 0,465199; 0,675865; 0,466278; 0,468336; 0,497745;
     203 ; 0,465238; 0,460142; 0,466015; 0,675386; 0,468878; 0,467665; 0,499405;
     204 ; 0,465542; 0,468233; 0,466888; 0,675269; 0,467657; 0,463331; 0,498895;
     205 ; 0,471243; 0,465437; 0,469578; 0,675455; 0,466770; 0,463391; 0,499084;
     206 ; 0,467810; 0,466868; 0,467622; 0,676030; 0,466491; 0,465925; 0,498162;
     207 ; 0,468062; 0,466289; 0,467642; 0,676375; 0,466942; 0,463535; 0,495601;
     208 ; 0,462139; 0,465560; 0,469166; 0,675989; 0,470645; 0,467779; 0,500878;
     209 ; 0,468487; 0,469128; 0,469403; 0,676312; 0,468533; 0,464779; 0,494906;
     210 ; 0,467075; 0,464717; 0,465351; 0,676145; 0,466259; 0,469977; 0,497188;
     211 ; 0,467779; 0,466342; 0,466252; 0,676310; 0,469127; 0,469037; 0,498866;
     212 ; 0,469607; 0,467471; 0,469785; 0,676442; 0,467382; 0,466670; 0,495506;
     213 ; 0,466398; 0,466442; 0,468117; 0,676497; 0,467852; 0,465560; 0,497653;
     214 ; 0,465368; 0,463185; 0,468251; 0,675867; 0,471395; 0,467901; 0,500830;
     215 ; 0,470049; 0,468058; 0,466241; 0,675955; 0,466241; 0,466198; 0,502196;
     216 ; 0,469607; 0,470550; 0,468836; 0,675883; 0,468321; 0,468321; 0,500729;
     217 ; 0,468475; 0,468857; 0,466648; 0,675657; 0,470174; 0,466606; 0,500372;
     218 ; 0,467006; 0,467427; 0,468269; 0,674901; 0,471972; 0,469615; 0,501852;
     219 ; 0,469965; 0,467964; 0,467922; 0,674840; 0,467380; 0,470883; 0,498071;
     220 ; 0,466488; 0,462851; 0,466074; 0,674835; 0,468223; 0,467810; 0,499793;
     221 ; 0,468459; 0,466452; 0,466944; 0,674720; 0,466370; 0,467394; 0,499416;
     222 ; 0,468144; 0,468387; 0,471553; 0,674539; 0,471471; 0,468550; 0,497849;
     223 ; 0,466689; 0,468017; 0,471113; 0,674335; 0,470309; 0,466488; 0,498904;
     224 ; 0,470265; 0,471221; 0,468192; 0,674027; 0,466279; 0,464525; 0,497848;
     225 ; 0,470558; 0,467081; 0,469649; 0,674094; 0,467872; 0,470479; 0,495407;
     226 ; 0,466834; 0,468713; 0,466051; 0,674368; 0,466677; 0,463858; 0,500587;
     227 ; 0,470454; 0,470686; 0,467775; 0,674300; 0,468008; 0,470143; 0,501194;
     228 ; 0,468837; 0,466759; 0,469221; 0,674361; 0,470068; 0,469221; 0,498923;
     229 ; 0,468832; 0,471845; 0,469938; 0,674434; 0,467268; 0,468450; 0,499304;
     230 ; 0,466238; 0,467977; 0,472665; 0,674707; 0,468960; 0,469490; 0,500265;
     231 ; 0,471430; 0,465209; 0,466333; 0,674313; 0,468282; 0,467945; 0,502539;
     232 ; 0,467561; 0,466298; 0,469493; 0,674532; 0,469196; 0,467784; 0,496544;
     233 ; 0,470187; 0,467203; 0,467535; 0,674685; 0,467093; 0,467424; 0,499659;
     234 ; 0,465155; 0,469976; 0,467492; 0,674885; 0,471583; 0,469172; 0,500365;
     235 ; 0,468339; 0,468302; 0,470837; 0,674839; 0,467976; 0,471019; 0,496333;
     236 ; 0,468939; 0,471021; 0,469154; 0,674842; 0,468508; 0,471452; 0,498312;
     237 ; 0,466877; 0,469975; 0,471363; 0,674358; 0,469868; 0,466165; 0,498852;
     238 ; 0,470023; 0,468964; 0,470306; 0,674952; 0,468893; 0,469600; 0,502436;
     239 ; 0,468304; 0,464628; 0,467044; 0,675198; 0,470475; 0,467009; 0,498941;
     240 ; 0,470521; 0,468785; 0,467118; 0,674896; 0,468368; 0,471632; 0,498785;
     241 ; 0,472409; 0,466245; 0,470515; 0,674885; 0,470584; 0,468449; 0,501403;
     242 ; 0,471518; 0,469606; 0,466054; 0,675398; 0,468855; 0,472270; 0,502595;
     243 ; 0,469610; 0,469712; 0,469237; 0,675575; 0,471337; 0,471303; 0,500804;
     244 ; 0,471748; 0,470270; 0,466306; 0,675860; 0,467919; 0,467650; 0,502318;
     245 ; 0,472436; 0,467505; 0,467539; 0,675585; 0,466006; 0,471337;
     246 ; 0,470619; 0,470157; 0,471413; 0,675458; 0,471413; 0,469165;
     247 ; 0,468619; 0,469931; 0,471308; 0,675376; 0,471832; 0,471308;
     248 ; 0,468165; 0,471286; 0,472327; 0,675046; 0,472002; 0,470766;
     249 ; 0,468218; 0,469960; 0,468992; 0,675215; 0,472541; 0,470638;
     250 ; 0,470560; 0,469344; 0,471200; 0,674848; 0,470048; 0,468832;
     251 ; 0,469262; 0,470945; 0,468532; 0,674275; 0,470373; 0,468500;
     252 ; 0,468034; 0,470427; 0,470994; 0,674257; 0,471561; 0,469041;
     253 ; 0,468934; 0,469434; 0,472215; 0,673655; 0,470059; 0,471590;
     254 ; 0,468876; 0,469124; 0,469682; 0,673662; 0,470240; 0,469930;
     255 ; 0,472034; 0,472126; 0,469512; 0,673310; 0,469266; 0,468035;
     256 ; 0,471863; 0,471252; 0,472534; 0,673096; 0,469421; 0,469421;
     257 ; 0,468410; 0,470772; 0,470590; 0,673106; 0,469439; 0,471832;
     258 ; 0,468752; 0,468151; 0,470675; 0,672886; 0,470074; 0,470855;
     259 ; 0,470178; 0,471042; 0,470088; 0,672888; 0,471460; 0,470446;
     260 ; 0,471479; 0,470769; 0,471657; 0,673195; 0,470888; 0,470592;
     261 ; 0,470809; 0,468901; 0,471837; 0,673361; 0,467991; 0,469283;
     262 ; 0,468970; 0,469786; 0,470660; 0,673271; 0,470136; 0,471010;
     263 ; 0,470095; 0,471223; 0,471512; 0,673625; 0,470702; 0,470818;
     264 ; 0,471706; 0,471017; 0,471878; 0,673841; 0,470443; 0,469008;
     265 ; 0,469776; 0,469747; 0,471143; 0,673692; 0,471086; 0,470459;
     266 ; 0,471536; 0,469275; 0,471423; 0,673752; 0,469557; 0,467805;
     267 ; 0,470956; 0,469245; 0,473369; 0,673708; 0,470143; 0,468656;
     268 ; 0,471904; 0,470456; 0,470288; 0,673675; 0,471736; 0,470066;
     269 ; 0,472299; 0,471165; 0,470640; 0,673927; 0,473957; 0,471165;
     270 ; 0,467435; 0,474678; 0,471715; 0,674074; 0,472867; 0,471934;
     271 ; 0,473305; 0,467450; 0,472515; 0,674119; 0,472597; 0,470037;
     272 ; 0,471075; 0,466425; 0,470642; 0,673875; 0,468317; 0,468858;
     273 ; 0,472165; 0,470421; 0,473963; 0,674020; 0,471870; 0,471280;
     274 ; 0,472108; 0,471735; 0,474506; 0,673930; 0,472428; 0,472162;
     275 ; 0,473864; 0,468046; 0,470585; 0,673693; 0,470162; 0,470612;
     276 ; 0,469465; 0,471881; 0,468363; 0,673414; 0,472564; 0,470516;
     277 ; 0,472468; 0,471269; 0,470435; 0,673253; 0,470982; 0,472703;
     278 ; 0,471482; 0,469981; 0,471999; 0,673438; 0,470809; 0,472465;
     279 ; 0,471757; 0,471011; 0,472630; 0,673270; 0,470549; 0,473786;
     280 ; 0,471276; 0,469082; 0,471429; 0,673469; 0,471786; 0,470357;
     281 ; 0,470739; 0,470536; 0,472714; 0,673548; 0,470916; 0,470485;
     282 ; 0,472109; 0,474976; 0,473719; 0,673457; 0,470852; 0,470600;
     283 ; 0,472350; 0,474397; 0,472150; 0,673251; 0,473798; 0,472025;
     284 ; 0,474782; 0,472500; 0,473443; 0,673304; 0,472649; 0,469426;
     285 ; 0,470471; 0,473376; 0,471505; 0,673093; 0,474164; 0,471308;
     286 ; 0,469314; 0,473128; 0,471955; 0,672991; 0,472101; 0,471221;
     287 ; 0,470663; 0,471197; 0,471172; 0,672413; 0,471901; 0,474669;
     288 ; 0,475019; 0,469618; 0,473573; 0,672357; 0,470824; 0,469618;
     289 ; 0,471809; 0,473031; 0,471067; 0,672286; 0,473558; 0,470636;
     290 ; 0,473960; 0,471249; 0,469917; 0,672438; 0,471439; 0,470250;
     291 ; 0,471227; 0,471345; 0,470991; 0,672429; 0,472196; 0,472054;
     292 ; 0,474761; 0,471946; 0,471289; 0,672077; 0,471618; 0,471148;
     293 ; 0,474927; 0,472108; 0,471922; 0,672017; 0,475370; 0,473832;
     294 ; 0,472697; 0,471956; 0,474085; 0,672058; 0,473437; 0,473946;
     295 ; 0,470646; 0,470554; 0,470669; 0,672014; 0,475266; 0,470899;
     296 ; 0,474365; 0,469891; 0,472996; 0,672138; 0,470622; 0,472722;
     297 ; 0,469136; 0,472106; 0,472151; 0,671995; 0,470428; 0,470768;
     298 ; 0,473064; 0,473965; 0,472659; 0,672199; 0,473064; 0,470452;
     299 ; 0,472925; 0,472277; 0,470644; 0,672319; 0,472120; 0,473798;
     300 ; 0,475667; 0,471400; 0,472511; 0,672333; 0,473978; 0,470778;
     301 ; 0,473659; 0,473725; 0,473129; 0,672310; 0,471165; 0,472445;
     302 ; 0,476295; 0,474891; 0,471734; 0,672120; 0,472742; 0,471646;
     303 ; 0,471392; 0,475836; 0,474943; 0,672156; 0,470172; 0,472721;
     304 ; 0,474766; 0,470957; 0,473598; 0,671918; 0,472169; 0,474160;
     305 ; 0,469723; 0,471271; 0,471142; 0,671604; 0,472174; 0,472454;
     306 ; 0,472980; 0,471870; 0,472852; 0,671494; 0,472041; 0,473322;
     307 ; 0,474891; 0,474827; 0,471474; 0,671349; 0,474127; 0,476313;
     308 ; 0,474005; 0,474005; 0,472698; 0,671298; 0,472107; 0,472445;
     309 ; 0,470062; 0,468931; 0,473895; 0,671212; 0,477058; 0,474189;
     310 ; 0,471363; 0,473694; 0,472612; 0,671155; 0,473236; 0,473319;
     311 ; 0,471314; 0,472162; 0,473506; 0,671312; 0,471149; 0,471831;
     312 ; 0,472962; 0,473126; 0,475058; 0,671310; 0,474482; 0,473167;
     313 ; 0,472006; 0,473640; 0,472272; 0,671457; 0,473803; 0,472946;
     314 ; 0,472250; 0,473670; 0,473589; 0,671285; 0,472494; 0,471480;
     315 ; 0,472038; 0,473409; 0,472522; 0,671444; 0,475364; 0,471897;
     316 ; 0,471018; 0,472741; 0,473742; 0,671187; 0,473542; 0,474744;
     317 ; 0,473027; 0,472191; 0,474122; 0,671039; 0,473604; 0,474161;
     318 ; 0,473122; 0,472924; 0,471540; 0,670939; 0,472885; 0,473241;
     319 ; 0,473168; 0,473679; 0,472774; 0,671200; 0,474327; 0,471890;
     320 ; 0,472344; 0,472617; 0,471719; 0,671055; 0,472148; 0,472734;
     321 ; 0,473870; 0,472841; 0,474530; 0,671170; 0,474161; 0,473151;
     322 ; 0,475290; 0,472667; 0,472898; 0,671039; 0,472976; 0,472320;
     323 ; 0,474997; 0,475285; 0,473981; 0,671280; 0,474154; 0,474077;
     324 ; 0,473080; 0,471555; 0,474489; 0,671563; 0,474299; 0,475366;
     325 ; 0,472142; 0,473297; 0,472994; 0,671508; 0,475493; 0,471631;
     326 ; 0,472995; 0,472920; 0,472882; 0,671233; 0,473823; 0,473446;
     327 ; 0,473473; 0,470088; 0,470948; 0,671174; 0,473529; 0,474090;
     328 ; 0,476465; 0,470851; 0,472635; 0,671141; 0,472933; 0,473305;
     329 ; 0,474423; 0,474072; 0,475402; 0,671095; 0,475106; 0,472002;
     330 ; 0,472801; 0,473976; 0,475005; 0,670927; 0,475115; 0,475335;
     331 ; 0,472832; 0,475114; 0,472321; 0,670531; 0,474658; 0,472650;
     332 ; 0,472656; 0,474107; 0,473236; 0,670326; 0,471748; 0,474906;
     333 ; 0,473573; 0,471264; 0,471138; 0,670346; 0,473140; 0,472382;
     334 ; 0,474811; 0,471871; 0,474667; 0,670408; 0,477608; 0,472265;
     335 ; 0,471891; 0,473121; 0,473032; 0,670296; 0,474172; 0,475188;
     336 ; 0,472878; 0,472984; 0,474189; 0,670511; 0,474649; 0,473728;
     337 ; 0,475764; 0,475658; 0,474619; 0,670887; 0,472136; 0,472347;
     338 ; 0,476244; 0,474563; 0,473933; 0,670670; 0,473653; 0,474458;
     339 ; 0,473821; 0,475457; 0,473229; 0,670443; 0,475596; 0,474030;
     340 ; 0,474083; 0,472837; 0,473183; 0,670381; 0,475986; 0,471799;
     341 ; 0,474575; 0,474248; 0,474506; 0,670479; 0,474231; 0,475142;
     342 ; 0,473103; 0,474676; 0,474710; 0,670429; 0,475326; 0,474266;
     343 ; 0,473782; 0,474615; 0,475363; 0,670452; 0,474547; 0,473714;
     344 ; 0,475105; 0,472603; 0,474158; 0,670413; 0,473753; 0,474463;
     345 ; 0,474707; 0,474018; 0,474371; 0,670011; 0,474791; 0,473766;
     346 ; 0,475091; 0,473922; 0,474623; 0,669919; 0,473120; 0,475158;
     347 ; 0,473852; 0,473968; 0,474699; 0,670050; 0,474483; 0,473420;
     348 ; 0,473907; 0,472751; 0,474336; 0,670267; 0,474964; 0,473411;
     349 ; 0,475694; 0,474512; 0,475234; 0,670224; 0,475760; 0,473543;
     350 ; 0,474008; 0,473094; 0,473910; 0,670155; 0,473192; 0,474857;
     351 ; 0,474477; 0,474314; 0,475223; 0,670206; 0,476197; 0,475142;
     352 ; 0,475045; 0,472559; 0,473528; 0,669906; 0,473883; 0,474141;
     353 ; 0,474893; 0,474011; 0,473770; 0,670112; 0,473272; 0,472662;
     354 ; 0,473651; 0,474640; 0,474289; 0,670210; 0,472853; 0,474768;
     355 ; 0,475572; 0,474620; 0,473493; 0,669931; 0,474938; 0,473779;
     356 ; 0,473804; 0,474277; 0,475477; 0,669802; 0,472510; 0,474593;
     357 ; 0,474056; 0,475139; 0,475641; 0,669789; 0,476222; 0,473962;
     358 ; 0,473128; 0,474876; 0,475719; 0,669970; 0,473409; 0,475625;
     359 ; 0,476486; 0,475679; 0,474127; 0,669982; 0,475508; 0,475834;
     360 ; 0,476265; 0,475340; 0,472160; 0,670031; 0,476790; 0,475000;
     361 ; 0,473861; 0,472495; 0,474521; 0,669915; 0,473538; 0,474122;
     362 ; 0,474283; 0,474131; 0,473826; 0,670248; 0,476725; 0,475291;
     363 ; 0,475059; 0,475393; 0,474679; 0,670279; 0,474801; 0,474573;
     364 ; 0,475592; 0,475531; 0,474867; 0,670284; 0,474505; 0,475229;
     365 ; 0,476157; 0,474866; 0,476172; 0,670205; 0,475256; 0,474881;
     366 ; 0,476037; 0,474902; 0,475917; 0,670220; 0,474305; 0,473558;
     367 ; 0,475050; 0,475050; 0,474679; 0,670032; 0,475763; 0,473238;
     368 ; 0,475012; 0,475396; 0,477375; 0,669896; 0,477759; 0,473889;
     369 ; 0,476451; 0,475555; 0,474908; 0,669854; 0,475246; 0,473895;
     370 ; 0,474259; 0,473236; 0,473645; 0,669876; 0,473937; 0,473440;
     371 ; 0,474147; 0,472824; 0,476123; 0,669888; 0,475323; 0,476065;
     372 ; 0,475778; 0,472800; 0,475344; 0,670106; 0,474853; 0,475286;
     373 ; 0,474179; 0,474150; 0,475587; 0,670141; 0,476608; 0,472827;
     374 ; 0,475922; 0,476493; 0,474806; 0,669979; 0,473863; 0,474606;
     375 ; 0,477767; 0,474254; 0,475278; 0,669966; 0,477056; 0,473344;
     376 ; 0,474706; 0,476092; 0,476913; 0,670100; 0,476686; 0,473885;
     377 ; 0,475469; 0,475160; 0,473753; 0,670011; 0,476553; 0,476623;
     378 ; 0,478150; 0,474147; 0,473671; 0,670110; 0,475211; 0,475799;
     379 ; 0,474377; 0,475045; 0,476187; 0,670101; 0,477204; 0,474057;
     380 ; 0,476773; 0,475443; 0,475720; 0,670235; 0,476274; 0,474529;
     381 ; 0,475513; 0,474701; 0,475899; 0,670263; 0,476685; 0,475307;
     382 ; 0,475261; 0,475398; 0,474357; 0,670157; 0,475892; 0,476138;
     383 ; 0,475564; 0,475891; 0,473410; 0,670221; 0,475946; 0,475469;
     384 ; 0,475030; 0,474297; 0,474379; 0,670017; 0,475410; 0,474731;
     385 ; 0,474805; 0,475466; 0,476411; 0,670103; 0,475939; 0,476330;
     386 ; 0,477476; 0,475328; 0,474738; 0,669991; 0,475033; 0,474227;
     387 ; 0,476547; 0,475559; 0,475759; 0,669925; 0,478136; 0,474544;
     388 ; 0,474572; 0,476459; 0,477468; 0,669970; 0,476884; 0,476645;
     389 ; 0,473629; 0,476219; 0,475083; 0,670099; 0,476127; 0,474369;
     390 ; 0,473412; 0,477357; 0,475937; 0,669915; 0,477725; 0,475490;
     391 ; 0,475232; 0,475337; 0,476397; 0,669946; 0,476593; 0,476371;
     392 ; 0,474490; 0,475427; 0,475921; 0,669903; 0,475635; 0,474672;
     393 ; 0,474189; 0,475315; 0,476856; 0,670124; 0,475290; 0,473632;
     394 ; 0,476500; 0,476578; 0,476062; 0,670064; 0,476449; 0,474104;
     395 ; 0,477462; 0,476770; 0,477398; 0,670021; 0,478270; 0,476552;
     396 ; 0,474862; 0,475627; 0,475449; 0,669944; 0,477311; 0,473791;
     397 ; 0,475239; 0,473958; 0,477828; 0,669809; 0,475582; 0,473412;
     398 ; 0,477071; 0,475607; 0,476945; 0,669743; 0,474395; 0,476339;
     399 ; 0,475525; 0,474809; 0,476869; 0,669707; 0,475914; 0,475952;
     400 ; 0,476875; 0,475775; 0,475525; 0,669650; 0,477050; 0,477100;
     401 ; 0,477547; 0,476216; 0,476751; 0,669747; 0,476825; 0,474848;
     402 ; 0,475459; 0,475186; 0,477315; 0,669711; 0,476275; 0,476077;
     403 ; 0,475011; 0,475417; 0,476944; 0,669581; 0,475700; 0,475983;
     404 ; 0,475799; 0,473446; 0,475015; 0,669603; 0,476657; 0,475823;
     405 ; 0,478451; 0,475098; 0,475988; 0,669435; 0,477147; 0,476403;
     406 ; 0,476995; 0,476122; 0,475709; 0,669502; 0,475103; 0,476801;
     407 ; 0,475644; 0,475825; 0,476332; 0,669476; 0,474715; 0,475825;
     408 ; 0,473820; 0,477184; 0,475238; 0,669610; 0,478602; 0,475046;
     409 ; 0,476025; 0,475906; 0,476217; 0,669556; 0,476396; 0,477030;
     410 ; 0,474753; 0,477513; 0,476276; 0,669709; 0,475515; 0,476466;
     411 ; 0,477087; 0,473322; 0,475275; 0,669769; 0,476637; 0,475429;
     412 ; 0,475386; 0,475504; 0,477012; 0,669868; 0,476518; 0,478261;
     413 ; 0,475960; 0,475338; 0,475807; 0,669958; 0,478352; 0,476323;
     414 ; 0,477304; 0,475950; 0,475017; 0,669981; 0,476160; 0,476464;
     415 ; 0,476586; 0,475099; 0,476179; 0,670030; 0,476330; 0,474588;
     416 ; 0,474991; 0,475522; 0,477556; 0,670072; 0,475615; 0,474875;
     417 ; 0,478397; 0,476189; 0,477420; 0,670209; 0,474843; 0,477558;
     418 ; 0,476260; 0,476077; 0,475710; 0,670463; 0,476603; 0,475642;
     419 ; 0,476803; 0,477190; 0,475561; 0,670320; 0,476484; 0,476290;
     420 ; 0,476293; 0,477630; 0,476474; 0,670397; 0,476202; 0,476497;
     421 ; 0,477643; 0,476820; 0,476177; 0,670499; 0,477553; 0,475578;
     422 ; 0,476225; 0,474585; 0,475731; 0,670425; 0,476202; 0,475551;
     423 ; 0,475909; 0,476167; 0,477385; 0,670344; 0,474937; 0,475775;
     424 ; 0,475659; 0,474969; 0,475503; 0,670523; 0,477060; 0,477149;
     425 ; 0,476269; 0,476147; 0,475892; 0,670605; 0,478627; 0,477066;
     426 ; 0,476118; 0,475325; 0,477396; 0,670524; 0,477970; 0,476713;
     427 ; 0,476721; 0,475657; 0,475635; 0,670711; 0,476019; 0,478936;
     428 ; 0,477018; 0,477411; 0,476668; 0,670462; 0,476079; 0,475511;
     429 ; 0,476187; 0,476742; 0,477817; 0,670459; 0,477481; 0,475340;
     430 ; 0,476961; 0,477372; 0,478085; 0,670535; 0,477177; 0,475230;
     431 ; 0,476483; 0,476925; 0,477022; 0,670496; 0,475277; 0,477668;
     432 ; 0,478041; 0,474976; 0,478256; 0,670364; 0,475705; 0,476520;
     433 ; 0,477692; 0,477201; 0,476977; 0,670386; 0,476700; 0,476892;
     434 ; 0,476916; 0,475578; 0,477489; 0,670358; 0,475812; 0,475897;
     435 ; 0,476015; 0,478457; 0,476840; 0,670503; 0,476322; 0,476459;
     436 ; 0,476675; 0,477538; 0,476759; 0,670493; 0,476317; 0,475833;
     437 ; 0,476067; 0,475376; 0,477805; 0,670528; 0,477219; 0,477125;
     438 ; 0,477033; 0,476637; 0,476908; 0,670441; 0,476491; 0,478264;
     439 ; 0,476108; 0,477945; 0,477374; 0,670358; 0,478049; 0,477737;
     440 ; 0,476921; 0,476405; 0,477045; 0,670496; 0,478182; 0,477810;
     441 ; 0,475409; 0,476118; 0,478062; 0,670688; 0,476879; 0,477970;
     442 ; 0,476311; 0,477765; 0,475983; 0,670472; 0,477457; 0,475860;
     443 ; 0,475529; 0,477098; 0,476578; 0,670485; 0,477546; 0,475508;
     444 ; 0,477751; 0,478421; 0,477102; 0,670532; 0,478096; 0,476818;
     445 ; 0,478283; 0,476950; 0,478132; 0,670400; 0,479111; 0,476829;
     446 ; 0,477196; 0,475950; 0,476573; 0,670424; 0,477076; 0,478886;
     447 ; 0,477956; 0,476905; 0,477186; 0,670330; 0,476025; 0,477156;
     448 ; 0,477669; 0,477190; 0,478007; 0,670410; 0,477150; 0,477549;
     449 ; 0,475623; 0,476486; 0,478767; 0,670463; 0,476515; 0,477805;
     450 ; 0,476286; 0,477847; 0,476543; 0,670538; 0,477017; 0,477847;
     451 ; 0,477117; 0,476379; 0,478415; 0,670439; 0,478749; 0,476812;
     452 ; 0,476887; 0,476731; 0,477494; 0,670462; 0,476515; 0,475948;
     453 ; 0,477581; 0,478186; 0,477542; 0,670624; 0,476256; 0,477689;
     454 ; 0,478362; 0,477294; 0,477702; 0,670739; 0,476906; 0,479060;
     455 ; 0,476909; 0,477025; 0,478087; 0,670769; 0,477363; 0,476638;
     456 ; 0,476685; 0,477493; 0,478359; 0,670649; 0,479378; 0,477262;
     457 ; 0,477551; 0,478815; 0,477991; 0,670484; 0,476584; 0,477398;
     458 ; 0,478032; 0,476145; 0,476450; 0,670611; 0,477594; 0,476774;
     459 ; 0,476512; 0,474300; 0,478952; 0,670597; 0,478562; 0,477100;
     460 ; 0,476295; 0,477013; 0,476200; 0,670473; 0,477921; 0,478412;
     461 ; 0,477515; 0,479011; 0,476489; 0,670466; 0,477638; 0,477741;
     462 ; 0,477512; 0,478561; 0,478711; 0,670405; 0,476837; 0,477118;
     463 ; 0,479379; 0,477317; 0,477812; 0,670349; 0,477849; 0,477970;
     464 ; 0,477724; 0,478002; 0,478448; 0,670500; 0,476182; 0,478541;
     465 ; 0,477614; 0,478724; 0,478039; 0,670607; 0,474885; 0,477752;
     466 ; 0,478633; 0,476275; 0,479278; 0,670587; 0,478191; 0,478246;
     467 ; 0,477741; 0,477282; 0,477988; 0,670653; 0,478071; 0,476127;
     468 ; 0,478523; 0,478139; 0,477080; 0,670630; 0,478541; 0,477518;
     469 ; 0,477694; 0,478976; 0,478294; 0,670619; 0,479676; 0,477730;
     470 ; 0,477592; 0,475799; 0,478642; 0,670729; 0,478551; 0,477374;
     471 ; 0,478820; 0,477558; 0,478442; 0,670615; 0,478406; 0,477414;
     472 ; 0,477476; 0,478571; 0,478840; 0,670524; 0,478661; 0,477566;
     473 ; 0,477819; 0,478186; 0,477220; 0,670445; 0,479151; 0,478865;
     474 ; 0,476989; 0,479108; 0,477826; 0,670423; 0,478093; 0,480835;
     475 ; 0,477607; 0,478998; 0,478218; 0,670626; 0,475036; 0,478599;
     476 ; 0,478753; 0,477924; 0,479106; 0,670495; 0,479283; 0,477906;
     477 ; 0,477539; 0,477012; 0,478418; 0,670429; 0,478849; 0,477152;
     478 ; 0,478047; 0,479202; 0,478117; 0,670305; 0,479150; 0,478519;
     479 ; 0,478554; 0,476532; 0,477796; 0,670421; 0,478110; 0,475538;
     480 ; 0,478793; 0,476623; 0,478863; 0,670530; 0,478741; 0,477682;
     481 ; 0,479156; 0,478058; 0,479251; 0,670485; 0,478292; 0,477375;
     482 ; 0,478160; 0,478401; 0,477661; 0,670495; 0,479245; 0,476972;
     483 ; 0,477965; 0,477013; 0,479465; 0,670473; 0,477262; 0,478299;
     484 ; 0,476095; 0,479253; 0,478092; 0,670497; 0,477119; 0,476829;
     485 ; 0,477628; 0,478104; 0,478844; 0,670532; 0,479957; 0,478487;
     486 ; 0,478907; 0,478281; 0,479873; 0,670443; 0,478958; 0,477891;
     487 ; 0,478275; 0,478857; 0,478747; 0,670459; 0,477761; 0,478477;
     488 ; 0,479970; 0,477098; 0,478240; 0,670426; 0,478022; 0,479181;
     489 ; 0,479431; 0,476964; 0,479147; 0,670372; 0,477541; 0,478795;
     490 ; 0,479259; 0,478176; 0,478326; 0,670362; 0,478592; 0,479159;
     491 ; 0,478694; 0,477126; 0,479158; 0,670497; 0,477889; 0,479275;
     492 ; 0,478138; 0,478485; 0,478022; 0,670649; 0,478915; 0,478303;
     493 ; 0,478109; 0,478891; 0,478513; 0,670836; 0,477542; 0,477714;
     494 ; 0,479642; 0,478347; 0,479642; 0,670958; 0,478626; 0,478331;
     495 ; 0,478727; 0,477159; 0,477078; 0,671050; 0,477102; 0,477323;
     496 ; 0,478920; 0,478123; 0,476823; 0,671021; 0,478302; 0,477945;
     497 ; 0,476622; 0,478995; 0,477205; 0,671133; 0,477570; 0,478800;
     498 ; 0,477500; 0,479081; 0,478678; 0,671126; 0,477129; 0,478258;
     499 ; 0,477452; 0,478472; 0,479115; 0,671098; 0,478311; 0,477854;
     500 ; 0,478640; 0,476688; 0,477488; 0,671232; 0,478288; 0,477936;
     501 ; 0,477464; 0,478381; 0,477815; 0,671232; 0,478978; 0,477512;
     502 ; 0,476691; 0,479580; 0,477992; 0,671196; 0,478484; 0,478088;
     503 ; 0,479335; 0,477691; 0,479698; 0,671288; 0,480481; 0,478252;
     504 ; 0,478679; 0,480174; 0,476742; 0,671359; 0,478993; 0,478978;
     505 ; 0,478377; 0,478643; 0,476714; 0,671487; 0,478345; 0,477757;
     506 ; 0,477738; 0,478394; 0,477300; 0,671413; 0,479565; 0,478581;
     507 ; 0,477442; 0,478998; 0,479566; 0,671428; 0,477403; 0,478671;
     508 ; 0,479183; 0,478083; 0,479214; 0,671337; 0,478393; 0,479261;
     509 ; 0,478623; 0,478584; 0,478321; 0,671412; 0,476924; 0,477966;
     510 ; 0,478078; 0,477770; 0,478524; 0,671203; 0,477709; 0,478847;
     511 ; 0,478116; 0,478108; 0,479502; 0,671137; 0,478207; 0,478407;
     512 ; 0,480087; 0,478485; 0,478897; 0,671143; 0,478455; 0,478241;
     513 ; 0,478339; 0,478354; 0,478666; 0,671280; 0,479167; 0,478886;
     514 ; 0,479440; 0,476820; 0,478425; 0,671327; 0,478092; 0,478001;
     515 ; 0,478703; 0,479321; 0,478183; 0,671249; 0,478560; 0,479035;
     516 ; 0,478216; 0,478877; 0,477796; 0,671189; 0,479253; 0,478697;
     517 ; 0,479653; 0,478882; 0,478448; 0,671199; 0,478725; 0,479249;
     518 ; 0,477475; 0,479950; 0,478429; 0,671211; 0,480069; 0,478951;
     519 ; 0,480055; 0,478889; 0,480144; 0,671211; 0,478629; 0,479334;
     520 ; 0,477788; 0,478114; 0,477981; 0,671161; 0,478780; 0,477212;
     521 ; 0,478778; 0,479780; 0,477835; 0,671240; 0,478108; 0,478727;
     522 ; 0,479536; 0,478979; 0,480447; 0,671313; 0,478832; 0,478788;
     523 ; 0,478509; 0,478414; 0,478962; 0,671366; 0,478531; 0,477697;
     524 ; 0,477267; 0,478898; 0,479379; 0,671341; 0,477835; 0,477602;
     525 ; 0,479514; 0,478897; 0,478962; 0,671369; 0,478295; 0,479456;
     526 ; 0,479008; 0,478473; 0,478762; 0,671334; 0,479702; 0,478068;
     527 ; 0,478358; 0,479712; 0,480137; 0,671417; 0,479035; 0,478682;
     528 ; 0,479540; 0,479324; 0,479267; 0,671402; 0,479454; 0,478837;
     529 ; 0,479551; 0,478793; 0,479622; 0,671424; 0,479336; 0,478557;
     530 ; 0,479381; 0,478014; 0,479025; 0,671492; 0,478426; 0,478341;
     531 ; 0,479286; 0,479066; 0,478314; 0,671490; 0,478683; 0,478371;
     532 ; 0,480546; 0,477239; 0,478694; 0,671470; 0,480178; 0,479769;
     533 ; 0,477287; 0,478639; 0,478097; 0,671437; 0,481715; 0,479315;
     534 ; 0,479359; 0,479976; 0,478377; 0,671324; 0,480116; 0,479008;
     535 ; 0,478805; 0,478134; 0,479322; 0,671367; 0,479392; 0,477827;
     536 ; 0,478663; 0,480167; 0,479317; 0,671412; 0,480125; 0,479540;
     537 ; 0,480606; 0,479122; 0,480142; 0,671438; 0,479081; 0,479587;
     538 ; 0,479423; 0,478331; 0,479948; 0,671584; 0,478870; 0,478690;
     539 ; 0,479931; 0,479903; 0,479518; 0,671642; 0,480179; 0,478141;
     540 ; 0,478100; 0,479390; 0,479225; 0,671626; 0,479019; 0,479883;
     541 ; 0,479532; 0,478548; 0,479956; 0,671660; 0,479929; 0,479225;
     542 ; 0,478234; 0,478370; 0,479895; 0,671709; 0,479528; 0,479392;
     543 ; 0,478313; 0,479534; 0,479486; 0,671727; 0,479954; 0,479473;
     544 ; 0,479942; 0,479982; 0,479509; 0,671740; 0,479050; 0,479455;
     545 ; 0,479670; 0,479084; 0,479643; 0,671688; 0,480781; 0,480088;
     546 ; 0,479424; 0,479277; 0,479518; 0,671819; 0,478525; 0,479746;
     547 ; 0,480266; 0,479284; 0,479484; 0,671885; 0,479063; 0,478856;
     548 ; 0,479348; 0,479481; 0,478642; 0,671793; 0,478775; 0,479734;
     549 ; 0,478346; 0,478373; 0,477351; 0,671716; 0,479215; 0,481080;
     550 ; 0,478717; 0,479074; 0,479484; 0,671643; 0,478836; 0,480661;
     551 ; 0,480578; 0,478266; 0,481382; 0,671757; 0,479557; 0,479933;
     552 ; 0,480086; 0,479731; 0,480112; 0,671760; 0,479101; 0,479022;
     553 ; 0,479678; 0,478763; 0,479587; 0,671576; 0,479620; 0,481104;
     554 ; 0,478613; 0,478639; 0,479017; 0,671617; 0,479591; 0,479304;
     555 ; 0,479253; 0,478448; 0,479539; 0,671543; 0,479448; 0,479221;
     556 ; 0,479433; 0,480222; 0,478838; 0,671530; 0,479097; 0,478993;
     557 ; 0,479060; 0,479209; 0,480498; 0,671583; 0,480588; 0,480949;
     558 ; 0,479792; 0,479766; 0,477480; 0,671593; 0,479664; 0,478353;
     559 ; 0,478756; 0,480400; 0,479959; 0,671599; 0,480381; 0,479434;
     560 ; 0,480038; 0,479643; 0,479847; 0,671620; 0,479145; 0,479872;
     561 ; 0,479701; 0,479091; 0,480775; 0,671655; 0,480184; 0,478538;
     562 ; 0,479908; 0,480693; 0,479515; 0,671572; 0,480148; 0,479300;
     563 ; 0,479492; 0,480230; 0,480104; 0,671466; 0,479902; 0,480306;
     564 ; 0,479176; 0,479956; 0,481226; 0,671508; 0,478874; 0,479516;
     565 ; 0,479436; 0,480276; 0,480144; 0,671439; 0,479480; 0,479981;
     566 ; 0,479897; 0,479136; 0,479822; 0,671459; 0,479535; 0,479111;
     567 ; 0,480016; 0,478399; 0,479880; 0,671451; 0,481304; 0,479320;
     568 ; 0,479493; 0,480919; 0,479580; 0,671432; 0,480125; 0,479679;
     569 ; 0,479193; 0,479687; 0,480682; 0,671446; 0,480731; 0,479440;
     570 ; 0,477889; 0,480166; 0,479058; 0,671450; 0,480018; 0,479489;
     571 ; 0,478584; 0,479590; 0,479069; 0,671443; 0,480191; 0,479805;
     572 ; 0,480097; 0,478520; 0,480109; 0,671659; 0,479131;
     573 ; 0,479744; 0,480701; 0,480969; 0,671473; 0,480055;
     574 ; 0,479143; 0,480162; 0,479264; 0,671509; 0,481037;
     575 ; 0,479595; 0,479486; 0,479607; 0,671601; 0,479958;
     576 ; 0,480300; 0,478660; 0,480276; 0,671574; 0,480119;
     577 ; 0,478955; 0,479928; 0,479706; 0,671555; 0,479057;
     578 ; 0,480562; 0,479281; 0,481448; 0,671448; 0,480658;
     579 ; 0,479995; 0,480490; 0,480079; 0,671439; 0,479906;
     580 ; 0,479209; 0,479649; 0,480291; 0,671373; 0,479709;
     581 ; 0,480417; 0,480079; 0,480529; 0,671316; 0,480269;
     582 ; 0,479576; 0,479246; 0,480438; 0,671249;
     583 ; 0,479768; 0,479445; 0,481675; 0,671254;
     584 ; 0,480214; 0,480355; 0,480613; 0,671292;
     585 ; 0,479229; 0,481005; 0,481356; 0,671190;
     586 ; 0,480623; 0,479598; 0,480099; 0,671225;
     587 ; 0,479033; 0,478389; 0,480902; 0,671297;
     588 ; 0,479754; 0,481628; 0,480691; 0,671213;
     589 ; 0,479867; 0,480282; 0,480230; 0,671087;
     590 ; 0,480230; 0,480425; 0,479598; 0,671152;
     591 ; 0,479287; 0,479831; 0,480066; 0,671150;
     592 ; 0,479673; 0,480209; 0,479479; 0,671087;
     593 ; 0,480195; 0,479785; 0,480007; 0,670953;
     594 ; 0,479974; 0,478307; 0,479815; 0,670997;
     595 ; 0,479718; 0,479932; 0,481023; 0,671020;
     596 ; 0,480468; 0,479871; 0,480592; 0,671000;
     597 ; 0,479354; 0,480667; 0,480723; 0,670971;
     598 ; 0,479089; 0,479066; 0,480867; 0,670876;
     599 ; 0,479402; 0,480896; 0,480177; 0,670968;
     600 ; 0,481006; 0,480150; 0,479472; 0,670983;
     601 ; 0,480026; 0,480037; 0,480624; 0,670989;
     602 ; 0,480199; 0,479779; 0,479978; 0,670980;
     603 ; 0,479724; 0,480098; 0,479647; 0,670995;
     604 ; 0,480642; 0,480533; 0,480938; 0,671149;
     605 ; 0,481328; 0,480404; 0,480235; 0,671080;
     606 ; 0,480808; 0,480579; 0,480209; 0,671116;
     607 ; 0,480441; 0,480864; 0,479448; 0,671062;
     608 ; 0,481464; 0,480804; 0,480328; 0,671107;
     609 ; 0,480273; 0,479475; 0,480656; 0,671105;
     610 ; 0,481333; 0,480387; 0,481021; 0,671153;
     611 ; 0,480986; 0,481028; 0,481125; 0,671111;
     612 ; 0,480430; 0,481060; 0,481465; 0,671072;
     613 ; 0,481109; 0,479497; 0,481195; 0,671077;
     614 ; 0,480504; 0,479358; 0,480302; 0,671020;
     615 ; 0,480354; 0,479482; 0,480428; 0,671019;
     616 ; 0,480219; 0,480809; 0,478986; 0,670955;
     617 ; 0,480797; 0,481537; 0,481222; 0,670952;
     618 ; 0,479818; 0,481064; 0,479504; 0,670924;
     619 ; 0,480299; 0,481088; 0,481443; 0,670909;
     620 ; 0,480905; 0,479292; 0,481301; 0,670801;
     621 ; 0,480115; 0,480644; 0,480063; 0,670779;
     622 ; 0,480583; 0,482103; 0,480532; 0,670739;
     623 ; 0,480969; 0,481283; 0,480572; 0,670787;
     624 ; 0,480050; 0,481673; 0,480667; 0,670776;
     625 ; 0,481536; 0,480527; 0,482227; 0,670725;
     626 ; 0,480024; 0,480106; 0,480545; 0,670707;
     627 ; 0,480107; 0,480789; 0,481125; 0,670665;
     628 ; 0,479528; 0,481698; 0,480106; 0,670681;
     629 ; 0,481022; 0,480441; 0,480658; 0,670608;
     630 ; 0,481169; 0,479667; 0,479194; 0,670607;
     631 ; 0,480348; 0,480856; 0,480831; 0,670673;
     632 ; 0,480136; 0,480687; 0,480807; 0,670711;
     633 ; 0,481231; 0,480432; 0,481106; 0,670725;
     634 ; 0,480067; 0,481560; 0,480834; 0,670675;
     635 ; 0,480188; 0,480759; 0,480833; 0,670603;
     636 ; 0,480020; 0,481384; 0,480781; 0,670479;
     637 ; 0,480569; 0,481136; 0,481811; 0,670588;
     638 ; 0,482577; 0,480150; 0,480808; 0,670537;
     639 ; 0,480832; 0,480509; 0,481229; 0,670468;
     640 ; 0,481357; 0,481084; 0,480684; 0,670488;
     641 ; 0,479798; 0,481945; 0,481760; 0,670564;
     642 ; 0,481473; 0,480949; 0,481852; 0,670563;
     643 ; 0,480616; 0,481278; 0,481689; 0,670598;
     644 ; 0,481632; 0,481574; 0,481526; 0,670590;
     645 ; 0,480370; 0,481034; 0,480356; 0,670527;
     646 ; 0,481213; 0,481041; 0,481271; 0,670672;
     647 ; 0,481562; 0,480286; 0,481347; 0,670717;
     648 ; 0,480448; 0,479819; 0,480219; 0,670749;
     649 ; 0,480065; 0,481172; 0,481371; 0,670763;
     650 ; 0,480791; 0,481330; 0,481822; 0,670698;
     651 ; 0,480348; 0,481707; 0,481268; 0,670683;
     652 ; 0,481336; 0,481223; 0,480565; 0,670749;
     653 ; 0,482227; 0,480722; 0,480450; 0,670807;
     654 ; 0,481371; 0,480838; 0,482390; 0,670898;
     655 ; 0,481109; 0,481627; 0,480158; 0,670823;
     656 ; 0,480671; 0,481777; 0,481870; 0,670839;
     657 ; 0,481405; 0,481456; 0,481771; 0,670869;
     658 ; 0,480474; 0,481398; 0,480308; 0,670818;
     659 ; 0,481642; 0,481191; 0,482360; 0,670824;
     660 ; 0,479881; 0,480707; 0,481497; 0,670790;
     661 ; 0,480540; 0,481291; 0,481318; 0,670812;
     662 ; 0,481572; 0,480906; 0,481809; 0,670782;
     663 ; 0,480944; 0,480812; 0,481399; 0,670766;
     664 ; 0,480844; 0,481832; 0,482123; 0,670775;
     665 ; 0,481393; 0,480999; 0,481872; 0,670663;
     666 ; 0,481802; 0,480900; 0,481233; 0,670702;
     667 ; 0,481248; 0,481716; 0,481904; 0,670689;
     668 ; 0,482148; 0,481969; 0,481736; 0,670618;
     669 ; 0,480641; 0,480417; 0,480985; 0,670572;
     670 ; 0,481711; 0,481729; 0,480891; 0,670679;
     671 ; 0,481142; 0,481200; 0,482204; 0,670703;
     672 ; 0,481377; 0,481067; 0,480367; 0,670710;
     673 ; 0,482000; 0,480866; 0,480716; 0,670688;
     674 ; 0,480651; 0,482068; 0,481998; 0,670544;
     675 ; 0,482326; 0,480904; 0,483253; 0,670609;
     676 ; 0,481885; 0,482410; 0,481343; 0,670700;
     677 ; 0,481331; 0,482706; 0,481401; 0,670649;
     678 ; 0,481239; 0,481144; 0,481848; 0,670604;
     679 ; 0,481055; 0,482148; 0,482226; 0,670591;
     680 ; 0,481522; 0,481618; 0,481886; 0,670597;
     681 ; 0,480329; 0,481226; 0,482248; 0,670518;
     682 ; 0,481171; 0,481334; 0,480904; 0,670522;
     683 ; 0,481739; 0,482005; 0,480796; 0,670460;
     684 ; 0,481323; 0,480930; 0,480716; 0,670458;
     685 ; 0,481368; 0,481193; 0,482306; 0,670472;
     686 ; 0,482014; 0,481122; 0,482040; 0,670465;
     687 ; 0,480926; 0,482320; 0,481472; 0,670421;
     688 ; 0,481388; 0,482131; 0,482343; 0,670460;
     689 ; 0,482372; 0,483004; 0,481045; 0,670558;
     690 ; 0,482747; 0,482857; 0,481084; 0,670599;
     691 ; 0,481837; 0,481389; 0,481376; 0,670577;
     692 ; 0,482045; 0,482187; 0,482722; 0,670583;
     693 ; 0,481267; 0,481967; 0,481584; 0,670502;
     694 ; 0,482572; 0,482431; 0,482298; 0,670548;
     695 ; 0,480472; 0,481420; 0,482696; 0,670508;
     696 ; 0,481508; 0,480979; 0,481508; 0,670411;
     697 ; 0,482259; 0,482445; 0,481761; 0,670395;
     698 ; 0,481375; 0,482098; 0,481260; 0,670339;
     699 ; 0,481239; 0,481387; 0,480715; 0,670363;
     700 ; 0,482359; 0,481151; 0,481812; 0,670294;
     701 ; 0,481509; 0,482351; 0,481672; 0,670292;
     702 ; 0,481835; 0,482037; 0,481859; 0,670291;
     703 ; 0,481557; 0,481120; 0,481213; 0,670295;
     704 ; 0,481873; 0,481655; 0,481018; 0,670293;
     705 ; 0,482314; 0,481545; 0,482334; 0,670288;
     706 ; 0,482285; 0,481025; 0,482461; 0,670249;
     707 ; 0,481717; 0,482854; 0,482542; 0,670170;
     708 ; 0,482201; 0,480781; 0,482081; 0,670134;
     709 ; 0,481765; 0,481665; 0,480878; 0,670186;
     710 ; 0,482916; 0,482757; 0,482281; 0,670149;
     711 ; 0,480945; 0,482615; 0,482239; 0,670148;
     712 ; 0,481406; 0,481919; 0,482716; 0,670153;
     713 ; 0,482508; 0,480844; 0,482795; 0,670061;
     714 ; 0,483099; 0,481475; 0,481734; 0,670162;
     715 ; 0,482179; 0,482684; 0,481674; 0,670120;
     716 ; 0,481212; 0,482148; 0,481001; 0,670102;
     717 ; 0,481633; 0,481652; 0,482123; 0,670036;
     718 ; 0,481161; 0,480812; 0,481952; 0,670048;
     719 ; 0,482118; 0,481367; 0,483468; 0,670020;
     720 ; 0,481890; 0,480841; 0,482816; 0,670093;
     721 ; 0,482221; 0,480693; 0,482409; 0,670101;
     722 ; 0,481787; 0,482209; 0,481227; 0,670084;
     723 ; 0,482101; 0,482280; 0,482648; 0,670049;
     724 ; 0,482281; 0,481045; 0,481884; 0,670172;
     725 ; 0,481842; 0,482462; 0,481648; 0,670128;
     726 ; 0,481521; 0,482925; 0,482507; 0,670169;
     727 ; 0,481798; 0,481499; 0,482551; 0,670151;
     728 ; 0,482581; 0,482415; 0,480475; 0,670201;
     729 ; 0,481826; 0,481751; 0,482213; 0,670174;
     730 ; 0,482518; 0,481152; 0,481437; 0,670186;
     731 ; 0,481461; 0,480986; 0,481959; 0,670247;
     732 ; 0,481550; 0,482005; 0,482476; 0,670239;
     733 ; 0,481026; 0,483081; 0,482943; 0,670287;
     734 ; 0,482029; 0,481116; 0,482341; 0,670344;
     735 ; 0,482288; 0,481958; 0,482332; 0,670332;
     736 ; 0,482256; 0,482027; 0,482625; 0,670406;
     737 ; 0,482030; 0,481489; 0,481942; 0,670336;
     738 ; 0,482848; 0,481724; 0,483024; 0,670324;
     739 ; 0,482783; 0,482413; 0,481897; 0,670295;
     740 ; 0,482217; 0,481749; 0,482049; 0,670354;
     741 ; 0,481976; 0,481026; 0,482723; 0,670331;
     742 ; 0,482941; 0,482534; 0,482462; 0,670349;
     743 ; 0,482091; 0,483290; 0,482406; 0,670306;
     744 ; 0,482328; 0,481389; 0,482393; 0,670312;
     745 ; 0,482194; 0,482036; 0,481578; 0,670283;
     746 ; 0,482157; 0,481934; 0,482164; 0,670313;
     747 ; 0,482243; 0,481799; 0,482404; 0,670366;
     748 ; 0,483239; 0,482803; 0,481980; 0,670383;
     749 ; 0,482060; 0,483265; 0,482406; 0,670480;
     750 ; 0,481682; 0,482606; 0,482023; 0,670453;
     751 ; 0,481893; 0,482410; 0,482134; 0,670446;
     752 ; 0,482104; 0,481921; 0,481878; 0,670446;
     753 ; 0,482063; 0,482761; 0,482574; 0,670501;
     754 ; 0,481964; 0,482006; 0,481978; 0,670553;
     755 ; 0,481582; 0,481954; 0,482940; 0,670571;
     756 ; 0,481702; 0,482416; 0,482717; 0,670526;
     757 ; 0,483009; 0,481233; 0,482412; 0,670533;
     758 ; 0,481099; 0,481315; 0,483041; 0,670522;
     759 ; 0,481339; 0,482474; 0,482307; 0,670552;
     760 ; 0,482119; 0,482341; 0,481406; 0,670443;
     761 ; 0,483143; 0,482307; 0,482269; 0,670440;
     762 ; 0,482878; 0,482292; 0,483064; 0,670435;
     763 ; 0,482630; 0,482609; 0,482200; 0,670417;
     764 ; 0,481936; 0,483485; 0,482511; 0,670376;
     765 ; 0,482461; 0,482139; 0,482392; 0,670337;
     766 ; 0,482528; 0,482446; 0,483707; 0,670395;
     767 ; 0,482494; 0,482923; 0,482430; 0,670361;
     768 ; 0,481588; 0,481981; 0,483080; 0,670302;
     769 ; 0,482592; 0,483576; 0,483160; 0,670338;
     770 ; 0,481784; 0,483586; 0,482938; 0,670383;
     771 ; 0,482914; 0,482558; 0,482272; 0,670384;
     772 ; 0,482087; 0,482698; 0,483147; 0,670367;
     773 ; 0,482444; 0,483033; 0,482929; 0,670441;
     774 ; 0,481578; 0,482333; 0,481779; 0,670476;
     775 ; 0,481875; 0,483233; 0,483293; 0,670422;
     776 ; 0,482520; 0,483297; 0,482002; 0,670405;
     777 ; 0,482905; 0,482604; 0,482548; 0,670350;
     778 ; 0,482488; 0,482633; 0,482825; 0,670287;
     779 ; 0,482199; 0,482212; 0,482535; 0,670367;
     780 ; 0,483159; 0,482350; 0,482206; 0,670398;
     781 ; 0,483355; 0,482565; 0,482772; 0,670299;
     782 ; 0,483075; 0,482630; 0,483454; 0,670273;
     783 ; 0,481640; 0,482462; 0,482289; 0,670252;
     784 ; 0,483047; 0,482468; 0,482566; 0,670281;
     785 ; 0,482570; 0,482648; 0,482535; 0,670301;
     786 ; 0,482878; 0,483053; 0,482651; 0,670312;
     787 ; 0,481955; 0,482682; 0,483014; 0,670311;
     788 ; 0,482820; 0,482723; 0,482968; 0,670302;
     789 ; 0,482069; 0,482117; 0,483010; 0,670214;
     790 ; 0,482211; 0,483442; 0,483211; 0,670207;
     791 ; 0,482473; 0,482259; 0,482722; 0,670169;
     792 ; 0,482578; 0,481915; 0,482668; 0,670168;
     793 ; 0,483318; 0,483175; 0,483051; 0,670202;
     794 ; 0,482932; 0,483142; 0,482469; 0,670212;
     795 ; 0,482661; 0,482838; 0,483848; 0,670179;
     796 ; 0,482737; 0,483457; 0,482832; 0,670150;
     797 ; 0,482597; 0,481851; 0,483305; 0,670179;
     798 ; 0,483489; 0,482472; 0,482604; 0,670216;
     799 ; 0,482145; 0,482690; 0,483088; 0,670206;
     800 ; 0,482444; 0,483031; 0,483838; 0,670238;
     801 ; 0,483612; 0,482428; 0,481904; 0,670311;
     802 ; 0,483088; 0,482211; 0,482870; 0,670288;
     803 ; 0,482571; 0,482872; 0,482645; 0,670257;
     804 ; 0,482875; 0,483308; 0,483178; 0,670253;
     805 ; 0,482346; 0,482611; 0,483694; 0,670218;
     806 ; 0,482606; 0,482624; 0,483301; 0,670163;
     807 ; 0,482811; 0,482368; 0,481920; 0,670198;
     808 ; 0,483451; 0,482471; 0,482771; 0,670241;
     809 ; 0,484145; 0,483042; 0,483684; 0,670235;
     810 ; 0,482634; 0,482414; 0,483652; 0,670251;
     811 ; 0,482563; 0,482919; 0,482338; 0,670178;
     812 ; 0,482789; 0,483305; 0,481873; 0,670236;
     813 ; 0,483039; 0,482809; 0,483051; 0,670213;
     814 ; 0,482834; 0,481862; 0,483136; 0,670200;
     815 ; 0,484053; 0,483499; 0,483586; 0,670222;
     816 ; 0,482867; 0,482585; 0,483600; 0,670163;
     817 ; 0,482216; 0,482968; 0,483079; 0,670150;
     818 ; 0,483749; 0,482183; 0,483629; 0,670118;
     819 ; 0,482306; 0,483537; 0,483090; 0,670146;
     820 ; 0,482849; 0,482963; 0,483641; 0,670196;
     821 ; 0,482837; 0,483006; 0,482635; 0,670229;
     822 ; 0,483261; 0,483273; 0,482983; 0,670195;
     823 ; 0,483287; 0,483195; 0,482891; 0,670197;
     824 ; 0,483643; 0,483549; 0,482518; 0,670177;
     825 ; 0,483779; 0,482862; 0,482971; 0,670202;
     826 ; 0,483499; 0,484437; 0,483054; 0,670180;
     827 ; 0,482916; 0,483521; 0,483579; 0,670219;
     828 ; 0,482815; 0,482266; 0,483462; 0,670252;
     829 ; 0,484476; 0,483816; 0,482588; 0,670248;
     830 ; 0,482958; 0,483382; 0,482622; 0,670248;
     831 ; 0,482619; 0,483109; 0,482773; 0,670348;
     832 ; 0,483136; 0,482598; 0,483991; 0,670329;
     833 ; 0,482484; 0,482625; 0,483429; 0,670315;
     834 ; 0,483245; 0,483216; 0,483878; 0,670249;
     835 ; 0,482398; 0,483749; 0,482943; 0,670240;
     836 ; 0,483113; 0,482690; 0,482753; 0,670249;
     837 ; 0,482773; 0,482631; 0,483601; 0,670272;
     838 ; 0,483536; 0,482949; 0,482505; 0,670303;
     839 ; 0,483279; 0,483372; 0,482975; 0,670206;
     840 ; 0,484212; 0,483872; 0,483469; 0,670215;
     841 ; 0,483200; 0,484359; 0,483098; 0,670302;
     842 ; 0,483706; 0,483390; 0,483322; 0,670322;
     843 ; 0,482832; 0,483074; 0,483299; 0,670359;
     844 ; 0,483533; 0,482657; 0,482466; 0,670338;
     845 ; 0,482734; 0,482090; 0,483185; 0,670357;
     846 ; 0,483689; 0,483717; 0,483527; 0,670355;
     847 ; 0,483822; 0,481923; 0,483214; 0,670312;
     848 ; 0,483708; 0,483769; 0,483746; 0,670340;
     849 ; 0,483773; 0,482710; 0,483187; 0,670302;
     850 ; 0,483087; 0,482882; 0,483767; 0,670281;
     851 ; 0,483291; 0,483374; 0,483081; 0,670242;
     852 ; 0,483036; 0,483466; 0,483328; 0,670174;
     853 ; 0,483119; 0,483210; 0,483224; 0,670176;
     854 ; 0,483552; 0,482433; 0,482800; 0,670209;
     855 ; 0,482867; 0,483472; 0,483406; 0,670262;
     856 ; 0,482799; 0,483214; 0,483579; 0,670222;
     857 ; 0,483045; 0,483159; 0,482789; 0,670170;
     858 ; 0,482186; 0,482778; 0,482898; 0,670177;
     859 ; 0,483864; 0,483381; 0,483406; 0,670189;
     860 ; 0,483878; 0,483894; 0,484630; 0,670227;
     861 ; 0,484020; 0,482272; 0,483828; 0,670233;
     862 ; 0,483237; 0,484453; 0,483048; 0,670176;
     863 ; 0,484040; 0,483422; 0,483788; 0,670114;
     864 ; 0,483394; 0,484021; 0,483448; 0,670144;
     865 ; 0,483101; 0,483245; 0,482702; 0,670170;
     866 ; 0,484148; 0,483775; 0,484052; 0,670154;
     867 ; 0,483854; 0,482968; 0,483870; 0,670131;
     868 ; 0,483175; 0,483510; 0,483223; 0,670119;
     869 ; 0,483412; 0,483086; 0,482753; 0,670151;
     870 ; 0,483792; 0,483871; 0,484706; 0,670115;
     871 ; 0,482700; 0,482824; 0,484189; 0,670140;
     872 ; 0,483106; 0,483048; 0,483353; 0,670117;
     873 ; 0,483503; 0,484013; 0,483627; 0,670099;
     874 ; 0,482513; 0,483942; 0,483084; 0,670072;
     875 ; 0,484613; 0,483291; 0,483197; 0,670049;
     876 ; 0,483380; 0,483656; 0,483036; 0,670047;
     877 ; 0,483373; 0,483409; 0,483529; 0,669950;
     878 ; 0,484472; 0,484369; 0,483538; 0,669948;
     879 ; 0,483133; 0,483984; 0,483702; 0,669952;
     880 ; 0,483414; 0,483445; 0,483373; 0,669969;
     881 ; 0,483428; 0,482650; 0,484121; 0,669928;
     882 ; 0,483119; 0,482780; 0,483937; 0,669893;
     883 ; 0,483049; 0,483736; 0,483583; 0,669918;
     884 ; 0,482970; 0,483569; 0,483216; 0,669919;
     885 ; 0,484400; 0,483202; 0,484119; 0,669961;
     886 ; 0,483386; 0,484594; 0,483574; 0,669986;
     887 ; 0,484084; 0,483491; 0,483257; 0,670004;
     888 ; 0,483671; 0,483615; 0,483220; 0,670015;
     889 ; 0,483568; 0,483687; 0,484269; 0,670067;
     890 ; 0,483679; 0,483492; 0,483628; 0,670105;
     891 ; 0,483712; 0,483196; 0,483201; 0,670133;
     892 ; 0,482641; 0,484079; 0,483998; 0,670238;
     893 ; 0,483484; 0,484370; 0,484156; 0,670242;
     894 ; 0,483674; 0,483689; 0,483624; 0,670258;
     895 ; 0,484067; 0,484207; 0,483985; 0,670236;
     896 ; 0,483919; 0,483072; 0,484054; 0,670223;
     897 ; 0,484412; 0,483470; 0,483340; 0,670204;
     898 ; 0,483822; 0,483440; 0,483688; 0,670175;
     899 ; 0,483583; 0,483974; 0,484003; 0,670217;
     900 ; 0,483316; 0,484121; 0,484165; 0,670249;
     901 ; 0,482879; 0,483653; 0,483959; 0,670250;
     902 ; 0,483378; 0,483845; 0,483707; 0,670274;
     903 ; 0,483711; 0,483075; 0,483779; 0,670250;
     904 ; 0,483671; 0,483691; 0,483779; 0,670295;
     905 ; 0,483194; 0,483604; 0,485177; 0,670353;
     906 ; 0,484930; 0,483512; 0,484141; 0,670346;
     907 ; 0,484117; 0,482933; 0,483506; 0,670313;
     908 ; 0,484140; 0,483572; 0,484014; 0,670336;
     909 ; 0,483487; 0,483494; 0,484220; 0,670300;
     910 ; 0,483968; 0,484388; 0,484229; 0,670318;
     911 ; 0,484046; 0,483670; 0,484075; 0,670341;
     912 ; 0,484012; 0,484228; 0,483997; 0,670353;
     913 ; 0,484190; 0,483828; 0,483857; 0,670339;
     914 ; 0,484158; 0,483857; 0,485202; 0,670360;
     915 ; 0,483877; 0,483762; 0,484133; 0,670334;
     916 ; 0,483391; 0,484392; 0,483829; 0,670258;
     917 ; 0,483833; 0,484197; 0,483843; 0,670219;
     918 ; 0,483793; 0,483337; 0,484011; 0,670146;
     919 ; 0,483496; 0,484640; 0,483565; 0,670097;
     920 ; 0,483741; 0,483348; 0,483731; 0,670106;
     921 ; 0,484169; 0,483450; 0,484641; 0,670102;
     922 ; 0,483484; 0,483752; 0,483809; 0,670171;
     923 ; 0,484158; 0,483606; 0,483815; 0,670234;
     924 ; 0,483680; 0,484073; 0,483113; 0,670230;
     925 ; 0,483911; 0,483490; 0,483943; 0,670186;
     926 ; 0,484382; 0,484144; 0,483221; 0,670179;
     927 ; 0,484141; 0,484380; 0,484192; 0,670186;
     928 ; 0,484505; 0,483242; 0,483767; 0,670194;
     929 ; 0,484369; 0,483458; 0,483750; 0,670151;
     930 ; 0,483776; 0,484419; 0,483688; 0,670142;
     931 ; 0,483589; 0,484233; 0,484593; 0,670143;
     932 ; 0,483719; 0,483848; 0,484419; 0,670133;
     933 ; 0,483434; 0,483877; 0,483919; 0,670173;
     934 ; 0,483819; 0,483406; 0,483502; 0,670169;
     935 ; 0,483722; 0,484500; 0,483747; 0,670123;
     936 ; 0,484143; 0,483623; 0,484034; 0,670137;
     937 ; 0,484468; 0,484300; 0,483962; 0,670176;
     938 ; 0,484172; 0,483440; 0,484286; 0,670201;
     939 ; 0,484629; 0,484870; 0,484092; 0,670187;
     940 ; 0,483608; 0,483893; 0,484328; 0,670172;
     941 ; 0,484049; 0,484354; 0,484862; 0,670160;
     942 ; 0,484261; 0,484072; 0,483919; 0,670142;
     943 ; 0,484548; 0,484591; 0,483624; 0,670157;
     944 ; 0,484018; 0,483556; 0,484027; 0,670176;
     945 ; 0,483942; 0,484591; 0,483944; 0,670212;
     946 ; 0,484700; 0,484222; 0,484097; 0,670215;
     947 ; 0,484192; 0,483864; 0,484099; 0,670190;
     948 ; 0,483456; 0,483621; 0,484600; 0,670196;
     949 ; 0,484543; 0,484219; 0,483659; 0,670164;
     950 ; 0,483918; 0,484078; 0,484109; 0,670178;
     951 ; 0,484635; 0,484082; 0,484296; 0,670243;
     952 ; 0,484641; 0,483162; 0,484575; 0,670243;
     953 ; 0,483979; 0,483734; 0,484060; 0,670216;
     954 ; 0,484288; 0,483791; 0,484143; 0,670189;
     955 ; 0,484195; 0,483943; 0,484158; 0,670218;
     956 ; 0,484178; 0,484739; 0,484725; 0,670235;
     957 ; 0,484931; 0,484484; 0,484239; 0,670224;
     958 ; 0,484238; 0,484316; 0,484748; 0,670238;
     959 ; 0,485120; 0,484768; 0,484196; 0,670252;
     960 ; 0,484234; 0,484078; 0,484633; 0,670276;
     961 ; 0,484327; 0,484909; 0,484745; 0,670263;
     962 ; 0,484727; 0,484118; 0,484338; 0,670342;
     963 ; 0,484899; 0,484045; 0,483928; 0,670348;
     964 ; 0,484388; 0,483953; 0,484844; 0,670344;
     965 ; 0,484714; 0,484575; 0,484061; 0,670351;
     966 ; 0,483788; 0,484590; 0,484731; 0,670372;
     967 ; 0,485032; 0,484129; 0,484634; 0,670366;
     968 ; 0,484329; 0,484248; 0,483949; 0,670356;
     969 ; 0,484440; 0,483707; 0,484433; 0,670341;
     970 ; 0,484912; 0,484355; 0,484857; 0,670343;
     971 ; 0,484425; 0,483997; 0,484253; 0,670340;
     972 ; 0,484612; 0,484388; 0,484714; 0,670297;
     973 ; 0,484151; 0,483900; 0,484711; 0,670238;
     974 ; 0,485034; 0,484764; 0,483912; 0,670248;
     975 ; 0,484138; 0,484603; 0,484618; 0,670283;
     976 ; 0,484625; 0,484961; 0,484167; 0,670290;
     977 ; 0,484000; 0,484394; 0,484300; 0,670251;
     978 ; 0,484660; 0,484108; 0,484510; 0,670269;
     979 ; 0,484483; 0,483268; 0,484583; 0,670268;
     980 ; 0,484059; 0,484175; 0,484529; 0,670264;
     981 ; 0,483947; 0,483877; 0,484479; 0,670293;
     982 ; 0,484773; 0,484155; 0,484010; 0,670287;
     983 ; 0,484760; 0,485041; 0,484975; 0,670317;
     984 ; 0,484267; 0,483713; 0,484651; 0,670312;
     985 ; 0,484799; 0,484883; 0,484582; 0,670317;
     986 ; 0,484166; 0,484878; 0,484038; 0,670305;
     987 ; 0,484926; 0,484503; 0,484928; 0,670280;
     988 ; 0,484955; 0,484226; 0,484357; 0,670219;
     989 ; 0,484652; 0,484370; 0,484210; 0,670185;
     990 ; 0,484471; 0,484736; 0,485104; 0,670166;
     991 ; 0,484288; 0,484017; 0,484455; 0,670171;
     992 ; 0,484682; 0,484231; 0,483922; 0,670178;
     993 ; 0,484288; 0,484560; 0,484641; 0,670186;
     994 ; 0,484460; 0,484221; 0,484780; 0,670138;
     995 ; 0,484638; 0,484768; 0,485208; 0,670076;
     996 ; 0,484839; 0,484738; 0,484432; 0,670118;
     997 ; 0,484601; 0,484474; 0,484748; 0,670117;
     998 ; 0,484052; 0,484490; 0,484960; 0,670144;
